Metric,Value
Accuracy,0.861904761904762
Precision,0.8644456834461082
Recall,0.861904761904762
F1 Score,0.8614444887996415
