Metric,Value
Accuracy,0.14285714285714285
Precision,0.02040816326530612
Recall,0.14285714285714285
F1 Score,0.03571428571428571
